Name,Name (German),Director,Year,Image URL
Oppenheimer,-,Christopher Nolan,2023,https://www.themoviedb.org/t/p/original/ycnO0cjsAROSGJKuMODgRtWsHQw.jpg
The Lego Movie,-,Christopher Miller & Phil Lord,2014,https://image.tmdb.org/t/p/original/5N2mfRrvJUnCVpsMIebfosEyo1i.jpg
Alien,Alien - Das unheimliche Wesen aus einer fremden Welt,Ridley Scott,1979,https://image.tmdb.org/t/p/original/j2c9B1cfS3hqy6qQXLnQiB5Zku2.jpg
Forrest Gump,-,Robert Zemeckis,1994,https://image.tmdb.org/t/p/original/mzfx54nfDPTUXZOG48u4LaEheDy.jpg
The Graduate,Die Reifeprüfung,Mike Nichols,1967,https://image.tmdb.org/t/p/original/28BDy7Zx2jiXJxNSHo4RT71YPSl.jpg
North by Northwest,Der unsichtbare Dritte,Alfred Hitchcock,1959,https://image.tmdb.org/t/p/original/OR8oloCZ3klJtB7Y0i8pSqWw5a.jpg
Citizen Kane,-,Orson Welles,1941,https://image.tmdb.org/t/p/original/ruF3Lmd4A8MHbnEBE6lxPMbsHGL.jpg
M,M - Eine Stadt sucht einen Mörder,Fritz Lang,1931,https://image.tmdb.org/t/p/original/r8Un26Y8GhcIdtmVZVnUOccnHaj.jpg
Spencer,-,Pablo Larraín,2021,https://image.tmdb.org/t/p/original/mtEVe3Iu6aGVCRTWIYIU1uWAq75.jpg
Jojo Rabbit,-,Taika Waititi,2019,https://image.tmdb.org/t/p/original/agoBZfL1q5G79SD0npArSlJn8BH.jpg
Hangover,-,Todd Phillips,2009,https://image.tmdb.org/t/p/original/qaStvnv2VdNxITnHoN85fCM67el.jpg
The Silence of the Lambs,Das Schweigen der Lämmer,Jonathan Demme,1991,https://image.tmdb.org/t/p/original/aViJxMtIxoL3IkHCauYmFv0oCXh.jpg
Blade Runner,-,Ridley Scott,1982,https://image.tmdb.org/t/p/original/qZjAvHGF0c6AkJh1c2xJ45O2f0H.jpg
The Rocky Horror Picture Show,-,Jim Sharman,1975,https://image.tmdb.org/t/p/original/a53EGF0NzHRGKuRItsrtXBM8FCD.jpg
Barbie,-,Greta Gerwig,2023,https://image.tmdb.org/t/p/original/aP7nrhTCOc19uJIhJ0GqW7EyjSY.jpg
The Shawshank Redemption,Die Verurteilten,Frank Darabont,1994,https://image.tmdb.org/t/p/original//kXfqcdQKsToO0OUXHcrrNCHDBzO.jpg
The Godfather,Der Pate,Francis Ford Coppola,1972,https://image.tmdb.org/t/p/original//rSPw7tgCH9c6NqICZef4kZjFOQ5.jpg
The Dark Knight,-,Christopher Nolan,2008,https://image.tmdb.org/t/p/original//nMKdUUepR0i5zn0y1T4CsSB5chy.jpg
The Godfather: Part II,Der Pate - Teil II,Francis Ford Coppola,1974,https://image.tmdb.org/t/p/original//kGzFbGhp99zva6oZODW5atUtnqi.jpg
12 Angry Men,Die zwölf Geschworenen,Sidney Lumet,1957,https://image.tmdb.org/t/p/original//qqHQsStV6exghCM7zbObuYBiYxw.jpg
Schindler's List,Schindlers Liste,Steven Spielberg,1993,https://image.tmdb.org/t/p/original//3f92DMBTFqr3wgXpfxzrb0qv8nG.jpg
The Lord of the Rings: The Return of the King,Der Herr der Ringe - Die Rückkehr des Königs,Peter Jackson,2003,https://image.tmdb.org/t/p/original//9DeGfFIqjph5CBFVQrD6wv9S7rR.jpg
Pulp Fiction,-,Quentin Tarantino,1994,https://image.tmdb.org/t/p/original//suaEOtk1N1sgg2MTM7oZd2cfVp3.jpg
The Lord of the Rings: The Fellowship of the Ring,Der Herr der Ringe - Die Gefährten,Peter Jackson,2001,https://image.tmdb.org/t/p/original//x2RS3uTcsJJ9IfjNPcgDmukoEcQ.jpg
"Il Buono, il brutto, il cattivo.",Zwei glorreiche Halunken,Sergio Leone,1966,https://image.tmdb.org/t/p/original//eoCSp75lxatmIa6aGqfnzwtbttd.jpg
Fight Club,-,David Fincher,1999,https://image.tmdb.org/t/p/original//hZkgoQYus5vegHoetLkCJzb17zJ.jpg
The Lord of the Rings: The Two Towers,Der Herr der Ringe - Die zwei Türme,Peter Jackson,2002,https://image.tmdb.org/t/p/original//nS4picOwj15APKzJeBCk6EBcMG5.jpg
Inception,-,Christopher Nolan,2010,https://image.tmdb.org/t/p/original//8ZTVqvKDQ8emSGUEMjsS4yHAwrp.jpg
Star Wars: Episode V - The Empire Strikes Back,Das Imperium schlägt zurück,Irvin Kershner,1980,https://image.tmdb.org/t/p/original//aJCtkxLLzkk1pECehVjKHA2lBgw.jpg
The Matrix,Matrix,Lilly Wachowski & Lana Wachowski,1999,https://image.tmdb.org/t/p/original//ncEsesgOJDNrTUED89hYbA117wo.jpg
Goodfellas,-,Martin Scorsese,1990,https://image.tmdb.org/t/p/original//sw7mordbZxgITU877yTpZCud90M.jpg
One Flew Over the Cuckoo's Nest,Einer flog über das Kuckucksnest,Miloš Forman,1975,https://image.tmdb.org/t/p/original//oje9d0EXQyQcxsqHQor4xFVGjrd.jpg
Se7en,Sieben,David Fincher,1995,https://image.tmdb.org/t/p/original//dYjZ27hDw2QFaEIfzbNGwW0IkV9.jpg
It's a Wonderful Life,Ist das Leben nicht schön?,Frank Capra,1946,https://image.tmdb.org/t/p/original//ch3lDc4xQ9MpsNEpnRhvR8PIxxK.jpg
Interstellar,-,Christopher Nolan,2014,https://image.tmdb.org/t/p/original//xJHokMbljvjADYdit5fK5VQsXEG.jpg
Shichinin no samurai,Die sieben Samurai,Akira Kurosawa,1954,https://image.tmdb.org/t/p/original//qvZ91FwMq6O47VViAr8vZNQz3WI.jpg
Saving Private Ryan,Der Soldat James Ryan,Steven Spielberg,1998,https://image.tmdb.org/t/p/original//bdD39MpSVhKjxarTxLSfX6baoMP.jpg
Cidade de Deus,City of God,Fernando Meirelles,2002,https://image.tmdb.org/t/p/original//uvitbjFU4JqvMwIkMWHp69bmUzG.jpg
La Vita è bella,Das Leben ist schön,Roberto Benigni,1997,https://image.tmdb.org/t/p/original//gavyCu1UaTaTNPsVaGXT6pe5u24.jpg
The Green Mile,-,Frank Darabont,1999,https://image.tmdb.org/t/p/original//l6hQWH9eDksNJNiXWYRkWqikOdu.jpg
Star Wars,Krieg der Sterne,George Lucas,1977,https://image.tmdb.org/t/p/original//4qCqAdHcNKeAHcK8tJ8wNJZa9cx.jpg
Terminator 2: Judgment Day,Terminator 2 - Tag der Abrechnung,James Cameron,1991,https://image.tmdb.org/t/p/original//8MksSPtPvqcSDruLdpibPmTP7LY.jpg
Spider-Man: Across the Spider-Verse,-,Joaquim Dos Santos & Justin K. Thompson & Kemp Powers,2023,https://image.tmdb.org/t/p/original//4HodYYKEIsGOdinkGi2Ucz6X9i0.jpg
Back to the Future,Zurück in die Zukunft,Robert Zemeckis,1985,https://image.tmdb.org/t/p/original//5bzPWQ2dFUl2aZKkp7ILJVVkRed.jpg
Sen to Chihiro no kamikakushi,Chihiros Reise ins Zauberland,Hayao Miyazaki,2001,https://image.tmdb.org/t/p/original//mSDsSDwaP3E7dEfUPWy4J0djt4O.jpg
The Pianist,Der Pianist,Roman Polanski,2002,https://image.tmdb.org/t/p/original//dVr11o9or7AS8AMPfwjSpEU83iU.jpg
Gisaengchung,Parasite,Bong Joon-ho,2019,https://image.tmdb.org/t/p/original//hiKmpZMGZsrkA3cdce8a7Dpos1j.jpg
Psycho,-,Alfred Hitchcock,1960,https://image.tmdb.org/t/p/original//uif5fUshJrXyyDzfpzp1DLw3N0S.jpg
Gladiator,-,Ridley Scott,2000,https://image.tmdb.org/t/p/original//7PBXKqTDCsSZb3GATn94DfXoAGx.jpg
The Lion King,Der König der Löwen,Roger Allers & Rob Minkoff,1994,https://image.tmdb.org/t/p/original//wXsQvli6tWqja51pYxXNG1LFIGV.jpg
Léon,Léon - Der Profi,Luc Besson,1994,https://image.tmdb.org/t/p/original//jRJrQ72VLyEnVsvwfep8Xjlvu8c.jpg
The Departed,Departed - Unter Feinden,Martin Scorsese,2006,https://image.tmdb.org/t/p/original//tQSoGeA53RsRvqtjOH7RjkjaHwI.jpg
American History X,-,Tony Kaye,1998,https://image.tmdb.org/t/p/original//9LSsSPbP715XT9B7acIZzantPyX.jpg
Whiplash,-,Damien Chazelle,2014,https://image.tmdb.org/t/p/original//vNXGrknx4GjWLgmuNTftWZluIUl.jpg
The Prestige,Prestige - Die Meister der Magie,Christopher Nolan,2006,https://image.tmdb.org/t/p/original//xBDE2d6HM1aBKQRu4IT7SfPD9fs.jpg
Hotaru no haka,Die letzten Glühwürmchen,Isao Takahata,1988,https://image.tmdb.org/t/p/original//dlC0ed9Ugh3FzydnkBtV5lRXUu4.jpg
Seppuku,Harakiri,Masaki Kobayashi,1962,https://image.tmdb.org/t/p/original//nC3IjYhUgZWgfKfFX0ygMigFwgc.jpg
The Usual Suspects,Die üblichen Verdächtigen,Bryan Singer,1995,https://image.tmdb.org/t/p/original//7S7PE3vK9Eh5uzCYBDGk5qTJeYW.jpg
Casablanca,-,Michael Curtiz,1942,https://image.tmdb.org/t/p/original//wOfzdzC0QZyhUIlyjeMuUYSb8Ax.jpg
Intouchables,Ziemlich beste Freunde,Éric Toledano & Olivier Nakache,2011,https://image.tmdb.org/t/p/original//bGksau9GGu0uJ8DJQ8DYc9JW5LM.jpg
Modern Times,Moderne Zeiten,Charlie Chaplin,1936,https://image.tmdb.org/t/p/original//kSlO1pHpwQfPQdgVPr7dJiJNtJ8.jpg
Nuovo cinema Paradiso,Cinema Paradiso,Giuseppe Tornatore,1988,https://image.tmdb.org/t/p/original//zoVeIgKzGJzpdG6Gwnr7iOYfIMU.jpg
Rear Window,Das Fenster zum Hof,Alfred Hitchcock,1954,https://image.tmdb.org/t/p/original//zGs5tZOlvc9cprdcU6kDOVNpujf.jpg
C'era una volta il West,Spiel mir das Lied vom Tod,Sergio Leone,1968,https://image.tmdb.org/t/p/original//vmryZ1Bkko8P2utNaJeO2Yo2Bx4.jpg
City Lights,Lichter der Großstadt,Charlie Chaplin,1931,https://image.tmdb.org/t/p/original//n0Cju2Eu3VyrUFl32thblHFWznA.jpg
Apocalypse Now,-,Francis Ford Coppola,1979,https://image.tmdb.org/t/p/original//8viWxsL4lwmQZB8QHOCHwMvBGXd.jpg
Django Unchained,-,Quentin Tarantino,2012,https://image.tmdb.org/t/p/original//5Lbm0gpFDRAPIV1Cth6ln9iL1ou.jpg
Memento,-,Christopher Nolan,2000,https://image.tmdb.org/t/p/original//q2CtXYjp9IlnfBcPktNkBPsuAEO.jpg
12th Fail,-,Vidhu Vinod Chopra,2023,https://image.tmdb.org/t/p/original//a7u1CU5wb05PSd1IWuP57rSx8zt.jpg
WALL·E,WALL·E - Der Letzte räumt die Erde auf,Andrew Stanton,2008,https://image.tmdb.org/t/p/original//fK5ssgvtI43z19FoWigdlqgpLRE.jpg
Raiders of the Lost Ark,Jäger des verlorenen Schatzes,Steven Spielberg,1981,https://image.tmdb.org/t/p/original//c7Mjuip0jfHLY7x8ZSEriRj45cu.jpg
Das Leben der Anderen,-,Florian Henckel von Donnersmarck,2006,https://image.tmdb.org/t/p/original//3mxteiwtcCPjbYKlyC0WxY1G9J3.jpg
Sunset Blvd.,Boulevard der Dämmerung,Billy Wilder,1950,https://image.tmdb.org/t/p/original//p47ihFj4A7EpBjmPHdTj4ipyq1S.jpg
Paths of Glory,Wege zum Ruhm,Stanley Kubrick,1957,https://image.tmdb.org/t/p/original//nbMY2UcNnaAr3jrrowzN0NaxQyr.jpg
Avengers: Infinity War,-,Anthony Russo & Joe Russo,2018,https://image.tmdb.org/t/p/original//mDfJG3LC3Dqb67AZ52x3Z0jU0uB.jpg
Spider-Man: Into the Spider-Verse,Spider-Man: A New Universe,Rodney Rothman & Peter Ramsey & Bob Persichetti,2018,https://image.tmdb.org/t/p/original//qGQf2OHIkoh89K8XeKQzhxczf96.jpg
The Shining,Shining,Stanley Kubrick,1980,https://image.tmdb.org/t/p/original//mmd1HnuvAzFc4iuVJcnBrhDNEKr.jpg
Witness for the Prosecution,Zeugin der Anklage,Billy Wilder,1957,https://image.tmdb.org/t/p/original//AetjwIIITWQ5ueKKk9LQNaOFwVa.jpg
The Great Dictator,Der große Diktator,Charlie Chaplin,1940,https://image.tmdb.org/t/p/original//c8Pi8F1FzpNebtgXcSjC9nWCdSW.jpg
Aliens,Aliens - Die Rückkehr,James Cameron,1986,https://image.tmdb.org/t/p/original//jMBpJFRtrtIXymer93XLavPwI3P.jpg
Inglourious Basterds,-,Quentin Tarantino,2009,https://image.tmdb.org/t/p/original//1Jpkm9qZcsT0mSyVXgs4VlGjPNI.jpg
The Dark Knight Rises,-,Christopher Nolan,2012,https://image.tmdb.org/t/p/original//c3OHQncTAnKFhdOTX7D3LTW6son.jpg
American Beauty,-,Sam Mendes,1999,https://image.tmdb.org/t/p/original//vimaZK2bkJlePnZ1yV5eKYpQkzF.jpg
Dr. Strangelove or: How I Learned to Stop Worrying and Love the Bomb,"Dr. Seltsam oder: Wie ich lernte, die Bombe zu lieben",Stanley Kubrick,1964,https://image.tmdb.org/t/p/original//sTp8K0SfcC2RQef1Tu160z3niHO.jpg
Oldeuboi,Oldboy,Park Chan-wook,2003,https://image.tmdb.org/t/p/original//fY3vRg4JbqUyP4wNzThutkCdUeS.jpg
Coco,Coco - Lebendiger als das Leben!,Lee Unkrich,2017,https://image.tmdb.org/t/p/original//askg3SMvhqEl4OL52YuvdtY40Yb.jpg
Amadeus,-,Miloš Forman,1984,https://image.tmdb.org/t/p/original//4i3Amppd6eW5Qkhjv4gdHk3CCoE.jpg
Toy Story,-,John Lasseter,1995,https://image.tmdb.org/t/p/original//lxD5ak7BOoinRNehOCA85CQ8ubr.jpg
Das Boot,-,Wolfgang Petersen,1981,https://image.tmdb.org/t/p/original//tRI6Csmw4rKzMYDrfUx5xtyBSVE.jpg
Braveheart,-,Mel Gibson,1995,https://image.tmdb.org/t/p/original//8lBcqakI3F19NWkXdqE0M8W76b9.jpg
Avengers: Endgame,-,Anthony Russo & Joe Russo,2019,https://image.tmdb.org/t/p/original//7RyHsO4yDXtBv1zUU3mTpHeQ0d5.jpg
Joker,-,Todd Phillips,2019,https://image.tmdb.org/t/p/original//r0kZNywAeN6Ar75rxDqLlTP5RiJ.jpg
Mononoke-hime,Prinzessin Mononoke,Hayao Miyazaki,1997,https://image.tmdb.org/t/p/original//gl0jzn4BupSbL2qMVeqrjKkF9Js.jpg
Good Will Hunting,-,Gus Van Sant,1997,https://image.tmdb.org/t/p/original//bpV8wn48s82au37QyUJ51S7X2Vf.jpg
Kimi no na wa,"Your Name. Gestern, heute und für immer",Makoto Shinkai,2016,https://image.tmdb.org/t/p/original//dIWwZW7dJJtqC6CgWzYkNVKIUm8.jpg
Once Upon a Time in America,Es war einmal in Amerika,Sergio Leone,1984,https://image.tmdb.org/t/p/original//uPYa165sraN2c8gZBM9C47g3JoU.jpg
3 Idiots,-,Rajkumar Hirani,2009,https://image.tmdb.org/t/p/original//u7kuUaySqXBVAtqEl9vkTkAzHV9.jpg
Tengoku to jigoku,Zwischen Himmel und Hölle,Akira Kurosawa,1963,https://image.tmdb.org/t/p/original//A62quSOB8otoZvGiLvMVZ9G4BiO.jpg
Singin' in the Rain,Du sollst mein Glücksstern sein,Stanley Donen & Gene Kelly,1952,https://image.tmdb.org/t/p/original//mxf8hJJkHTCqZP3m4o8E1TtwHHs.jpg
Capharnaüm,Capernaum - Stadt der Hoffnung,Nadine Labaki,2018,https://image.tmdb.org/t/p/original//1p6cMqrxwLjTHmruMCWfpbTAxvt.jpg
Requiem for a Dream,-,Darren Aronofsky,2000,https://image.tmdb.org/t/p/original//s5R6kTMfOxkGit96A8lqcDL4uVk.jpg
Idi i smotri,Komm und sieh,Elem Klimov,1985,https://image.tmdb.org/t/p/original//6C1U0cKK5zGjyUSwNc5GLSVCr7Y.jpg
Toy Story 3,-,Lee Unkrich,2010,https://image.tmdb.org/t/p/original//uAfhsySkr1UzQg1zdg3dZQRz9Fd.jpg
Star Wars: Episode VI - Return of the Jedi,Die Rückkehr der Jedi-Ritter,Richard Marquand,1983,https://image.tmdb.org/t/p/original//psYeKwKclG4XaIop5suj1J0Kg2C.jpg
Eternal Sunshine of the Spotless Mind,Vergiss mein nicht!,Michel Gondry,2004,https://image.tmdb.org/t/p/original//jz9Kep0xWjiA6QDHSsd43ASxNfj.jpg
Jagten,Die Jagd,Thomas Vinterberg,2012,https://image.tmdb.org/t/p/original//7zN7m5jEyrNxFYm2EbQJAZwAG5i.jpg
2001: A Space Odyssey,2001: Odyssee im Weltraum,Stanley Kubrick,1968,https://image.tmdb.org/t/p/original//w5IDXtifKntw0ajv2co7jFlTQDM.jpg
Reservoir Dogs,Reservoir Dogs - Wilde Hunde,Quentin Tarantino,1992,https://image.tmdb.org/t/p/original//jqFjgNnxpXIXWuPsyfqmcLXRo9p.jpg
Ikiru,Ikiru - Einmal wirklich leben,Akira Kurosawa,1952,https://image.tmdb.org/t/p/original//yn6DvHSEXE8Ao3QaNlELpqeSOqx.jpg
Lawrence of Arabia,Lawrence von Arabien,David Lean,1962,https://image.tmdb.org/t/p/original//mx2jS5Kaa5rmaldEFzKeKpDN9Q2.jpg
The Apartment,Das Appartement,Billy Wilder,1960,https://image.tmdb.org/t/p/original//vRTKNKNWLZ22fAgPa5kY8wT2b1F.jpg
M,Dr. Jekyll und Mr. Hyde,Rouben Mamoulian,1931,https://image.tmdb.org/t/p/original//i2Wb6QsKg14tl4p9HgJENfUCqhh.jpg
Vertigo,Vertigo - Aus dem Reich der Toten,Alfred Hitchcock,1958,https://image.tmdb.org/t/p/original//5zKeHHFYfuyH0KFR7h3IYnOHL7v.jpg
Double Indemnity,Frau ohne Gewissen,Billy Wilder,1944,https://image.tmdb.org/t/p/original//byQdu1nzQLI9t1VeoP1xuQfru3L.jpg
Scarface,-,Brian De Palma,1983,https://image.tmdb.org/t/p/original//cCvp5Sni75agCtyJkNOMapORUQV.jpg
Le fabuleux destin d'Amélie Poulain,Die fabelhafte Welt der Amélie,Jean-Pierre Jeunet,2001,https://image.tmdb.org/t/p/original//4tqNNLAUY525N5rKGwNQVcuGNzX.jpg
Full Metal Jacket,-,Stanley Kubrick,1987,https://image.tmdb.org/t/p/original//3k2TRmqMjgt7tcwkYwZQdctnty3.jpg
Incendies,Die Frau die singt – Incendies,Denis Villeneuve,2010,https://image.tmdb.org/t/p/original//jNICaPciTja37SkbSZh4XCsA0Q6.jpg
A Clockwork Orange,Uhrwerk Orange,Stanley Kubrick,1971,https://image.tmdb.org/t/p/original//yIonSXf1jdNihhK8PssxO6KCIfz.jpg
Heat,-,Michael Mann,1995,https://image.tmdb.org/t/p/original//xKsnZDERG1dk95wuZ5q9iks3OL3.jpg
Up,Oben,Pete Docter,2009,https://image.tmdb.org/t/p/original//hGGC9gKo7CFE3fW07RA587e5kol.jpg
To Kill a Mockingbird,Wer die Nachtigall stört,Robert Mulligan,1962,https://image.tmdb.org/t/p/original//mbJIERhLu25fyZb8DQIq1JN3AOR.jpg
The Sting,Der Clou,George Roy Hill,1973,https://image.tmdb.org/t/p/original//tQcbNXoYU7zy1dz96npOlbDgtbq.jpg
Jodaeiye Nader az Simin,Nader und Simin - eine Trennung,Asghar Farhadi,2011,https://image.tmdb.org/t/p/original//kcXBa2ru0PXcGI8U3JiInsG6FRR.jpg
Indiana Jones and the Last Crusade,Indiana Jones und der letzte Kreuzzug,Steven Spielberg,1989,https://image.tmdb.org/t/p/original//2Y7nbXrDtHwAfcTX7KBN0z40OAy.jpg
Hamilton,-,Thomas Kail,2020,https://image.tmdb.org/t/p/original//uWVkEo9PWHu9algZsiLPi6sRU64.jpg
Die Hard,Stirb langsam,John McTiernan,1988,https://image.tmdb.org/t/p/original//oIwfoUFfWfESn0Y8u8jv9lc8li1.jpg
Metropolis,-,Fritz Lang,1927,https://image.tmdb.org/t/p/original//r8pUcom5Mw8igtBpj3AHSAUvH0R.jpg
Taare Zameen Par,Taare Zameen Par - Ein Stern auf Erden,Aamir Khan,2007,https://image.tmdb.org/t/p/original//5dF4FNwM2qZIuF0WCUs5zvDGU2H.jpg
Snatch.,Snatch - Schweine und Diamanten,Guy Ritchie,2000,https://image.tmdb.org/t/p/original//ysKahAEPP8h6MInuLjr0xuZOTjh.jpg
Ladri di biciclette,Fahrraddiebe,Vittorio De Sica,1948,https://image.tmdb.org/t/p/original//kTUUiKGKrdRhJsCcYT3Ivtfuuzh.jpg
L.A. Confidential,-,Curtis Hanson,1997,https://image.tmdb.org/t/p/original//fGbM2cqPauRu7ALFPSTDBH9FgpU.jpg
1917,-,Sam Mendes,2019,https://image.tmdb.org/t/p/original//2WgieNR1tGHlpJUsolbVzbUbE1O.jpg
Taxi Driver,-,Martin Scorsese,1976,https://image.tmdb.org/t/p/original//6aoyUbvu0419XLKLIMoH0TkEicH.jpg
Der Untergang,-,Oliver Hirschbiegel,2004,https://image.tmdb.org/t/p/original//xgAEfHByamMdRCA31oERQrsiutF.jpg
Dangal,Dangal - Die Hoffnung auf den großen Sieg,Nitesh Tiwari,2016,https://image.tmdb.org/t/p/original//5qjbu7po6eqLNd4kUPAyIpFRwQK.jpg
Per qualche dollaro in più,Für ein paar Dollar mehr,Sergio Leone,1965,https://image.tmdb.org/t/p/original//hs6OPto38fF589ScpGhl7uSU4MI.jpg
Batman Begins,-,Christopher Nolan,2005,https://image.tmdb.org/t/p/original//lh5lbisD4oDbEKgUxoRaZU8HVrk.jpg
Some Like It Hot,Manche mögen’s heiß,Billy Wilder,1959,https://image.tmdb.org/t/p/original//5zTwAcnI3zCJ0mucPPnoBtkSWEV.jpg
The Wolf of Wall Street,-,Martin Scorsese,2013,https://image.tmdb.org/t/p/original//2P0toWq3feNvFAzf28j7vNc1IuZ.jpg
The Kid,Der Vagabund und das Kind,Charlie Chaplin,1921,https://image.tmdb.org/t/p/original//mAhCW7QbpL5kwvCWGsfyY3ILoW6.jpg
Top Gun: Maverick,-,Joseph Kosinski,2022,https://image.tmdb.org/t/p/original//AaV1YIdWKnjAIAOe8UUKBFm327v.jpg
Green Book,Green Book – Eine besondere Freundschaft,Peter Farrelly,2018,https://image.tmdb.org/t/p/original//5En0fmDagt3Pk8d7P3uTwfeQceg.jpg
The Father,-,Florian Zeller,2020,https://image.tmdb.org/t/p/original//h3weAFgg06GqchI2xDfufBgSFTj.jpg
All About Eve,Alles über Eva,Joseph L. Mankiewicz,1950,https://image.tmdb.org/t/p/original//zbi0Ib6FSUHlUu3nC0t3Mzkm5D4.jpg
Judgment at Nuremberg,Urteil von Nürnberg,Stanley Kramer,1961,https://image.tmdb.org/t/p/original//37lz7mPo3AWV2BiaF7TA6ZWqL5u.jpg
The Truman Show,Die Truman Show,Peter Weir,1998,https://image.tmdb.org/t/p/original//aCHn2TXYJfzPXQKA6r9mKPbMlUB.jpg
There Will Be Blood,-,Paul Thomas Anderson,2007,https://image.tmdb.org/t/p/original//8LRcCJjbQI552BMCuGgYqph8USS.jpg
Shutter Island,-,Martin Scorsese,2010,https://image.tmdb.org/t/p/original//ecvy2kMxsJ60ej52beZ0F8EOGkL.jpg
Casino,-,Martin Scorsese,1995,https://image.tmdb.org/t/p/original//2W9HjAYWNug5RwyrEtrneXeL94Z.jpg
Ran,Ran,Akira Kurosawa,1985,https://image.tmdb.org/t/p/original//8wdxa4JgiAXvITgqkra1W0Dpii5.jpg
Poor Things,-,Yorgos Lanthimos,2023,https://image.tmdb.org/t/p/original//gsVC7HMf4VR2XFOyqjTSklY2Tms.jpg
Jurassic Park,-,Steven Spielberg,1993,https://image.tmdb.org/t/p/original//79bJL9ydAMYVltuNTt4VhxORqIz.jpg
El Laberinto del fauno,Pans Labyrinth,Guillermo del Toro,2006,https://image.tmdb.org/t/p/original//o0IWa75BXyXryNDVqw0xoXZzy1J.jpg
The Sixth Sense,-,M. Night Shyamalan,1999,https://image.tmdb.org/t/p/original//6TjllWT3cGrPFyqDXurVZ3L8bBi.jpg
Unforgiven,Erbarmungslos,Clint Eastwood,1992,https://image.tmdb.org/t/p/original//bJXVRtm2zZ2g7IfgGSlTCNA8iDM.jpg
A Beautiful Mind,A Beautiful Mind - Genie und Wahnsinn,Ron Howard,2001,https://image.tmdb.org/t/p/original//zbpZOYrRCxEF8lFT5JC8XodEggC.jpg
No Country for Old Men,-,Joel Coen & Ethan Coen,2007,https://image.tmdb.org/t/p/original//bQeuzbFtizthHztHpWW0Yw0ntHO.jpg
The Treasure of the Sierra Madre,Der Schatz der Sierra Madre,John Huston,1948,https://image.tmdb.org/t/p/original//sj5R5SGor3YMFBuabMj8gPbyBmh.jpg
Yojimbo,Yojimbo - Der Leibwächter,Akira Kurosawa,1961,https://image.tmdb.org/t/p/original//zd7mu6dJKxkVtBdXqlEQ9W3msKl.jpg
The Thing,Das Ding aus einer anderen Welt,John Carpenter,1982,https://image.tmdb.org/t/p/original//7yjCaRXAIrwRN4EajGjvGe4CiGB.jpg
Kill Bill: Vol. 1,Kill Bill - Volume 1,Quentin Tarantino,2003,https://image.tmdb.org/t/p/original//lVy5Zqcty2NfemqKYbVJfdg44rK.jpg
Monty Python and the Holy Grail,Monty Python: Die Ritter der Kokosnuss,Terry Gilliam & Terry Jones,1975,https://image.tmdb.org/t/p/original//1KgXxv6tHXOnakqYvMPvFwYKWiw.jpg
The Great Escape,Gesprengte Ketten,John Sturges,1963,https://image.tmdb.org/t/p/original//zlg0d4pnq1xDOU4cQxqGG8bX5l0.jpg
Finding Nemo,Findet Nemo,Andrew Stanton,2003,https://image.tmdb.org/t/p/original//eCynaAOgYYiw5yN5lBwz3IxqvaW.jpg
Rashômon,Rashomon - Das Lustwäldchen,Akira Kurosawa,1950,https://image.tmdb.org/t/p/original//zyO6j74DKMWfp5snWg6Hwo0T3Mz.jpg
The Elephant Man,Der Elefantenmensch,David Lynch,1980,https://image.tmdb.org/t/p/original//hKpzq3U7X1C1lqnYh0WQwlPyxO5.jpg
Chinatown,-,Roman Polanski,1974,https://image.tmdb.org/t/p/original//bsoAg22remHKL5O0xJH0m9DX6Pu.jpg
Hauru no ugoku shiro,Das wandelnde Schloss,Hayao Miyazaki,2004,https://image.tmdb.org/t/p/original//tjMiLkVfOmbx3kUtKSmkLimiw8x.jpg
Prisoners,-,Denis Villeneuve,2013,https://image.tmdb.org/t/p/original//yKsMvfVx8vrvAM6NQSTEX0rBmMK.jpg
Dial M for Murder,Bei Anruf Mord,Alfred Hitchcock,1954,https://image.tmdb.org/t/p/original//uvd1KXopHKelymR2JbSumRupRJo.jpg
Gone with the Wind,Vom Winde verweht,Victor Fleming,1939,https://image.tmdb.org/t/p/original//ft8WRF2xqEwwGWa59naDUybKTAx.jpg
V for Vendetta,V wie Vendetta,James McTeigue,2005,https://image.tmdb.org/t/p/original//sFEYsEfzTx7hhjetlNrme8B5OUo.jpg
"Lock, Stock and Two Smoking Barrels","Bube, Dame, König, grAS",Guy Ritchie,1998,https://image.tmdb.org/t/p/original//cXQH2u7wUIX1eoIdEj51kHXoWhX.jpg
El secreto de sus ojos,In ihren Augen,Juan José Campanella,2009,https://image.tmdb.org/t/p/original//fNHCogWhABNAmzk0IFdzQP5XLYj.jpg
Raging Bull,Wie ein wilder Stier,Martin Scorsese,1980,https://image.tmdb.org/t/p/original//tvNuhRlpRozDgsX1zR9gQ2aHv1X.jpg
Inside Out,Alles steht Kopf,Pete Docter,2015,https://image.tmdb.org/t/p/original//j29ekbcLpBvxnGk6LjdTc2EI5SA.jpg
"Three Billboards Outside Ebbing, Missouri",-,Martin McDonagh,2017,https://image.tmdb.org/t/p/original//oQHF0Y4gCw6VdPmapjsbZoxY2ht.jpg
Spider-Man: No Way Home,-,Jon Watts,2021,https://image.tmdb.org/t/p/original//14QbnygCuTO0vl7CAFmPf1fgZfV.jpg
Trainspotting,Trainspotting - Neue Helden,Danny Boyle,1996,https://image.tmdb.org/t/p/original//cdbjlFEW1slS3QHMQ2e1g6zgw7N.jpg
The Bridge on the River Kwai,Die Brücke am Kwai,David Lean,1957,https://image.tmdb.org/t/p/original//4IkZXrbQPAGAfwzjzO1J3WG4fpX.jpg
Gojira -1.0,Godzilla Minus One,Takashi Yamazaki,2023,https://image.tmdb.org/t/p/original//bWIIWhnaoWx3FTVXv6GkYDv3djL.jpg
Fargo,-,Joel Coen,1996,https://image.tmdb.org/t/p/original//747dgDfL5d8esobk7h4odaOFhUq.jpg
Warrior,-,Gavin O'Connor,2011,https://image.tmdb.org/t/p/original//1PnRPz4A4AguUEVOTcprIyctrax.jpg
Klaus,-,Sergio Pablos,2019,https://image.tmdb.org/t/p/original//mlxKite1x1PgmIhJgAxNS9eHmH8.jpg
Catch Me If You Can,-,Steven Spielberg,2002,https://image.tmdb.org/t/p/original//Ag6qhzsJd3k1NKuNrG9RmhZDMh7.jpg
Gran Torino,-,Clint Eastwood,2008,https://image.tmdb.org/t/p/original//wmsePXV2z1b6ecXuKKrFbG0Q92P.jpg
Tonari no Totoro,Mein Nachbar Totoro,Hayao Miyazaki,1988,https://image.tmdb.org/t/p/original//fxYazFVeOCHpHwuqGuiqcCTw162.jpg
Million Dollar Baby,-,Clint Eastwood,2004,https://image.tmdb.org/t/p/original//oGMomeS7bE43eN8SGJUaKvQnmud.jpg
Harry Potter and the Deathly Hallows: Part 2,Harry Potter und die Heiligtümer des Todes - Teil 2,David Yates,2011,https://image.tmdb.org/t/p/original//n5A7brJCjejceZmHyujwUTVgQNC.jpg
Bacheha-Ye aseman,Kinder des Himmels,Majid Majidi,1997,https://image.tmdb.org/t/p/original//9W250lyDDC3P9AgW5ZKGRj7R2Pv.jpg
12 Years a Slave,-,Steve McQueen,2013,https://image.tmdb.org/t/p/original//4Bb1kMIfrT2tYRZ9M6Jhqy6gkeF.jpg
Before Sunrise,-,Richard Linklater,1995,https://image.tmdb.org/t/p/original//qA2TyqPldTtoTVY3LKrNIG5g6bH.jpg
The Grand Budapest Hotel,Grand Budapest Hotel,Wes Anderson,2014,https://image.tmdb.org/t/p/original//xHDynIimfsgj0ZOs0j5ma8v1vmM.jpg
Ben-Hur,Ben Hur,William Wyler,1959,https://image.tmdb.org/t/p/original//sU3gFo7Gn67zjtKXIvzJ4omcUbH.jpg
Barry Lyndon,-,Stanley Kubrick,1975,https://image.tmdb.org/t/p/original//okdg55jhsr9k1F2lxsZoQncrLZL.jpg
Gone Girl,Gone Girl - Das perfekte Opfer,David Fincher,2014,https://image.tmdb.org/t/p/original//eSdl8ANr4BashmiBmcE6eitK74D.jpg
The Gold Rush,Goldrausch,Charlie Chaplin,1925,https://image.tmdb.org/t/p/original//hZHeDPQGNKN9NN9GuW7qVbM2tDx.jpg
Hacksaw Ridge,Hacksaw Ridge - Die Entscheidung,Mel Gibson,2016,https://image.tmdb.org/t/p/original//yQIBS8B9l2qXoPoPtxSXvH7CfoT.jpg
In the Name of the Father,Im Namen des Vaters,Jim Sheridan,1993,https://image.tmdb.org/t/p/original//gUIVD0rFWVB8Okk8wU8dQxjOYnZ.jpg
Salinui chueok,Memories of Murder,Bong Joon-ho,2003,https://image.tmdb.org/t/p/original//2NArMoObkAbnIPvqlHC3gRGsfBb.jpg
On the Waterfront,Die Faust im Nacken,Elia Kazan,1954,https://image.tmdb.org/t/p/original//hUzRPXBUHyJhpyGV0NfBDuadbgp.jpg
The General,Der General,Buster Keaton & Clyde Bruckman,1926,https://image.tmdb.org/t/p/original//h68ilwiTesb5wmDgy2mHYkVuOBP.jpg
The Deer Hunter,Die durch die Hölle gehen,Michael Cimino,1978,https://image.tmdb.org/t/p/original//a5zBQfXmLk3qqRYF7AioWpiAxk2.jpg
Dead Poets Society,Der Club der toten Dichter,Peter Weir,1989,https://image.tmdb.org/t/p/original//hpzQHv8cA7j2Dn2CphOFYmllXzj.jpg
Relatos salvajes,Wild Tales - Jeder dreht mal durch!,Damián Szifron,2014,https://image.tmdb.org/t/p/original//pBMqrmItjpOzfoRwUXp4gfy3FK7.jpg
Mad Max: Fury Road,-,George Miller,2015,https://image.tmdb.org/t/p/original//nlCHUWjY9XWbuEUQauCBgnY8ymF.jpg
Smultronstället,Wilde Erdbeeren,Ingmar Bergman,1957,https://image.tmdb.org/t/p/original//BBVAUchYvkmPThVIqipgAfabfl.jpg
The Third Man,Der dritte Mann,Carol Reed,1949,https://image.tmdb.org/t/p/original//l2iY1AgqQ8dEa3FtWkN5TQ5aVbU.jpg
Sherlock Jr.,-,Buster Keaton,1924,https://image.tmdb.org/t/p/original//dRKCNvOjXkRTIA3D3KAve7GRu4k.jpg
Le Salaire de la peur,Lohn der Angst,Henri-Georges Clouzot,1953,https://image.tmdb.org/t/p/original//sdNPipjZoOJFuTBwH8EyEb5dsKv.jpg
"Monsters, Inc.",Die Monster AG,Pete Docter,2001,https://image.tmdb.org/t/p/original//vUTVUdfbsY4DePCYzxxDMXKp6v6.jpg
Jaws,Der weiße Hai,Steven Spielberg,1975,https://image.tmdb.org/t/p/original//Ugn7ekAwY8FtaBjRBlbkt0zom2.jpg
Mr. Smith Goes to Washington,Mr. Smith geht nach Washington,Frank Capra,1939,https://image.tmdb.org/t/p/original//4HagjGPF6dMGYlmx7mEfjLV2kQ0.jpg
How to Train Your Dragon,Drachenzähmen leicht gemacht,Chris Sanders & Dean DeBlois,2010,https://image.tmdb.org/t/p/original//aH9KWmXFMamXkHMgLjnQmSYjScL.jpg
Mary and Max,"Mary & Max, oder - Schrumpfen Schafe, wenn es regnet",Adam Elliot,2009,https://image.tmdb.org/t/p/original//pW1sEV4R2GL99OoUq73Pvf7r7Ce.jpg
Ford v Ferrari,Le Mans 66 - Gegen jede Chance,James Mangold,2019,https://image.tmdb.org/t/p/original//ydmZIafp66mHABs3QJDwvjRgZfE.jpg
Ratatouille,-,Brad Bird,2007,https://image.tmdb.org/t/p/original//xgDj56UWyeWQcxQ44f5A3RTWuSs.jpg
Det Sjunde inseglet,Das siebente Siegel,Ingmar Bergman,1957,https://image.tmdb.org/t/p/original//6s2BqtDvp1BMiP70zCDU5OW6hMy.jpg
Room,Raum,Lenny Abrahamson,2015,https://image.tmdb.org/t/p/original//Q42zSrnjqshoC3RLOkvflwL58w.jpg
The Big Lebowski,-,Joel Coen & Ethan Coen,1998,https://image.tmdb.org/t/p/original//nevS6wjzCxZESvmjJZqdyZ3RNQ6.jpg
Tôkyô monogatari,Die Reise nach Tokio,Yasujirō Ozu,1953,https://image.tmdb.org/t/p/original//jLq0ol1f0ZKXni9R9GsPBcyPrNN.jpg
Rocky,-,John G. Avildsen,1976,https://image.tmdb.org/t/p/original//kK9v1wclQxug6ZUJucD4DTaHgVF.jpg
Hotel Rwanda,Hotel Ruanda,Terry George,2004,https://image.tmdb.org/t/p/original//ljEdpkceJ9b3TEcTVQISS0Goft0.jpg
Logan,Logan - The Wolverine,James Mangold,2017,https://image.tmdb.org/t/p/original//9X7YweCJw3q8Mcf6GadxReFEksM.jpg
Spotlight,-,Tom McCarthy,2015,https://image.tmdb.org/t/p/original//bF8GCJ3ZLlS5nLwDlL3CTljdXzN.jpg
Platoon,-,Oliver Stone,1986,https://image.tmdb.org/t/p/original//nanfgFeCgV08ZkYEwcDuFO1UxDn.jpg
La Passion de Jeanne d'Arc,Die Passion der Jungfrau von Orléans,Carl Theodor Dreyer,1928,https://image.tmdb.org/t/p/original//A1mteOfKdvK5er2sD5i02Qw3CWz.jpg
The Terminator,Terminator,James Cameron,1984,https://image.tmdb.org/t/p/original//wh4ze6klUbeichAj603OKZwY1W5.jpg
Jai Bhim,Jai Bhim,T. J. Gnanavel,2021,https://image.tmdb.org/t/p/original//zdoxq5iQ2Wlg7VQRG67bAmXOWqZ.jpg
Before Sunset,-,Richard Linklater,2004,https://image.tmdb.org/t/p/original//zwgDZw9dyrgkYz2RCOb2HvUDlt2.jpg
Rush,Rush - Alles für den Sieg,Ron Howard,2013,https://image.tmdb.org/t/p/original//caKZWDGmv5iW2U99skHs75MmOmU.jpg
The Best Years of Our Lives,Die besten Jahre unseres Lebens,William Wyler,1946,https://image.tmdb.org/t/p/original//nCl5KzxUs4rVVlAdixDf4r5AbbZ.jpg
La Haine,Hass,Mathieu Kassovitz,1995,https://image.tmdb.org/t/p/original//viGCwLxupyoaLsa6hrnu1gYrB0B.jpg
Network,-,Sidney Lumet,1976,https://image.tmdb.org/t/p/original//bODIl4B857k20AhrHylKzpLprk4.jpg
The Exorcist,Der Exorzist,William Friedkin,1973,https://image.tmdb.org/t/p/original//huC0x1don81NMreSGx4ITkrv9aG.jpg
Stand by Me,Stand By Me - Das Geheimnis eines Sommers,Rob Reiner,1986,https://image.tmdb.org/t/p/original//yjGllQUm28R4X9xD9T5xMszirgw.jpg
Pirates of the Caribbean: The Curse of the Black Pearl,Fluch der Karibik,Gore Verbinski,2003,https://image.tmdb.org/t/p/original//wW7Wt5bXzPy4VOEE4LTIUDyDgBo.jpg
The Wizard of Oz,Der Zauberer von Oz,Victor Fleming,1939,https://image.tmdb.org/t/p/original//nRsr98MFztBGm532hCVMGXV6qOp.jpg
The Incredibles,Die Unglaublichen,Brad Bird,2004,https://image.tmdb.org/t/p/original//se5Hxz7PArQZOG3Nx2bpfOhLhtV.jpg
Into the Wild,-,Sean Penn,2007,https://image.tmdb.org/t/p/original//mvyERNa0oNsBjbHqn5qSGMHk2FM.jpg
Hachi: A Dog's Tale,Hachiko - Eine wunderbare Freundschaft,Lasse Hallström,2009,https://image.tmdb.org/t/p/original//a5pOEjOLvr04Hr8qktIDM75OZi0.jpg
Ah-ga-ssi,Die Taschendiebin,Park Chan-wook,2016,https://image.tmdb.org/t/p/original//3upEZ0ltY7WwOSFVXrtiP34D48p.jpg
To Be or Not to Be,Sein oder Nichtsein,Ernst Lubitsch,1942,https://image.tmdb.org/t/p/original//p69ybBV94wSmyCGE2y2pH9U86l0.jpg
La battaglia di Algeri,Schlacht um Algier,Gillo Pontecorvo,1966,https://image.tmdb.org/t/p/original//A5sZ1OxIH5StZgqBE9MslgsWjK6.jpg
Babam Ve Oglum,Mein Vater und mein Sohn,Çağan Irmak,2005,https://image.tmdb.org/t/p/original//ci8NMpK3HvuySQRGPMAPyBSlL7f.jpg
The Grapes of Wrath,Früchte des Zorns,John Ford,1940,https://image.tmdb.org/t/p/original//7UTQCis1B8oWNjIMzQq57LPqma2.jpg
Groundhog Day,Und täglich grüßt das Murmeltier,Harold Ramis,1993,https://image.tmdb.org/t/p/original//ttBydD0SynC0TMkW3AcnmsySkLp.jpg
The Sound of Music,"Meine Lieder, meine Träume",Robert Wise,1965,https://image.tmdb.org/t/p/original//m5n1nguLC3pTJLPKhN5Ek0aNT6E.jpg
Amores perros,Amores Perros,Alejandro González Iñárritu,2000,https://image.tmdb.org/t/p/original//qNQOEzm6xJ2hgWDImzkIox27aiV.jpg
Rebecca,-,Alfred Hitchcock,1940,https://image.tmdb.org/t/p/original//jKgLVAhoq4fXBs1C9Gjvap93fxd.jpg
Cool Hand Luke,Der Unbeugsame,Stuart Rosenberg,1967,https://image.tmdb.org/t/p/original//yW9mPUhrsIzKvogNJKQKuWO8fJO.jpg
The Iron Giant,Der Gigant aus dem All,Brad Bird,1999,https://image.tmdb.org/t/p/original//wfClZdRb1x4LZ8B73Y9RSn8XAPa.jpg
The Help,-,Tate Taylor,2011,https://image.tmdb.org/t/p/original//wyvUmyzqGOBDyqLHRSukGDjI7bH.jpg
It Happened One Night,Es geschah in einer Nacht,Frank Capra,1934,https://image.tmdb.org/t/p/original//hmiC0MsI0PDd1TJXC62xyw0tX0s.jpg
Les Quatre cents coups,Sie küssten und sie schlugen ihn,François Truffaut,1959,https://image.tmdb.org/t/p/original//63HcRYJI4LKeo8sINlL71ZtlUFY.jpg
Pather Panchali,Apus Weg ins Leben: Auf der Straße,Satyajit Ray,1955,https://image.tmdb.org/t/p/original//ibJuTdFmYGOiiUzJ5HzHU4EAuf1.jpg
Aladdin,-,Ron Clements & John Musker,1992,https://image.tmdb.org/t/p/original//nenJjvfe2Eq8uBMXFJnWj5mw4bi.jpg
Killers of the Flower Moon,-,Martin Scorsese,2023,https://image.tmdb.org/t/p/original//1X7vow16X7CnCoexXh4H4F2yDJv.jpg
Maestro,-,Bradley Cooper,2023,https://image.tmdb.org/t/p/original//et0G74BxoBgNQEZBkUcVhsgeRFF.jpg
American Fiction,-,Cord Jefferson,2023,https://image.tmdb.org/t/p/original//1AT4Nc6oHkmL3p6i27P14SBnIpb.jpg
Anatomy of a Fall,Anatomie eines Falls,Justine Triet,2023,https://image.tmdb.org/t/p/original//fGe1ej335XbqN1j9teoDpofpbLX.jpg
The Holdovers,-,Alexander Payne,2023,https://image.tmdb.org/t/p/original//sQLMaESdeELB7Dl8HdxfGlZYRzu.jpg
The Zone of Interest,-,Jonathan Glazer,2023,https://image.tmdb.org/t/p/original//bq9FpkTw9I3s1cSRuZxQibM2xOx.jpg
Napoleon,-,Ridley Scott,2023,https://image.tmdb.org/t/p/original//f1AQhx6ZfGhPZFTVKgxG91PhEYc.jpg
The Creator,-,Gareth Edwards,2023,https://image.tmdb.org/t/p/original//kjQBrc00fB2RjHZB3PGR4w9ibpz.jpg
Mission: Impossible – Dead Reckoning Part One,Mission: Impossible - Dead Reckoning Teil Eins,Christopher McQuarrie,2023,https://image.tmdb.org/t/p/original//628Dep6AxEtDxjZoGP78TsOxYbK.jpg
Nyad,-,Elizabeth Chai Vasarhelyi & Jimmy Chin,2023,https://image.tmdb.org/t/p/original//5CPbuhVfnUAbEyuf3LJ5bKiRvx4.jpg
Past Lives,Past Lives - In einem anderen Leben,Celine Song,2023,https://image.tmdb.org/t/p/original//rron9HAuS9s7zBF8iCX1tsafxUo.jpg
Society of the Snow,Die Schneegesellschaft,J. A. Bayona,2023,https://image.tmdb.org/t/p/original//vdpE5pjJVql5aD6pnzRqlFmgxXf.jpg
Emilia Pérez,-,Jacques Audiard,2024,https://image.tmdb.org/t/p/original//u2eA9pqi1q3DvevT7RuDuJHxxBT.jpg
The Brutalist,Der Brutalist,Brady Corbet,2024,https://image.tmdb.org/t/p/original//hmZnqijPaaACjenDkrbWcCmcADI.jpg
Wicked,-,Jon M. Chu,2024,https://image.tmdb.org/t/p/original//uKb22E0nlzr914bA9KyA5CVCOlV.jpg
A Complete Unknown,-,James Mangold,2024,https://image.tmdb.org/t/p/original//4WHRiFgbsAuSJ79fyr8pTXkj4G2.jpg
Conclave,Konklave,Edward Berger,2024,https://image.tmdb.org/t/p/original//66nlC5LDZmDUWONGkUZT2BrOszG.jpg
Anora,-,Sean Baker,2024,https://image.tmdb.org/t/p/original//4cp40IyTpFfsT2IKpl0YlUkMBIR.jpg
Dune: Part Two,-,Denis Villeneuve,2024,https://image.tmdb.org/t/p/original//rRBD8ORo9y34tYkAQJVbn4Ml6tu.jpg
The Substance,-,Coralie Fargeat,2024,https://image.tmdb.org/t/p/original//bFPqSvR2EmWQ9AlzWkC801XpoAZ.jpg
Nosferatu,-,Robert Eggers,2024,https://image.tmdb.org/t/p/original//fYnEbgoNCxW9kL0IgOgtJb9JTBU.jpg
I'm Still Here,I'm Still Here,Walter Salles,2024,https://image.tmdb.org/t/p/original//j9uruwRe9qM8RnP758dF7ISB8Bj.jpg
Sing Sing,-,Greg Kwedar,2024,https://image.tmdb.org/t/p/original//bqmzHFcvXAiu9z9OKac5A0HrhNB.jpg
The Wild Robot,Der wilde Roboter,Chris Sanders,2024,https://image.tmdb.org/t/p/original//1pmXyN3sKeYoUhu5VBZiDU4BX21.jpg
The Apprentice,The Apprentice - The Trump Story,Ali Abbasi,2024,https://image.tmdb.org/t/p/original//kv9xVrxfLpudBLyYf1QvLCpUQuy.jpg
Flow,Flow,Gints Zilbalodis,2024,https://image.tmdb.org/t/p/original//b3mdmjYTEL70j7nuXATUAD9qgu4.jpg
Nickel Boys,-,RaMell Ross,2024,https://image.tmdb.org/t/p/original//i00QiR9T8fWg3ahl2FW6dgXYSQ6.jpg
A Real Pain,-,Jesse Eisenberg,2024,https://image.tmdb.org/t/p/original//fViElUGfdoZjtnVxvSpJX8TwxY6.jpg
